{
  "project_info": {
    "project_number": "697974657954",
    "firebase_url": "https://major-project-a10d4.firebaseio.com",
    "project_id": "major-project-a10d4",
    "storage_bucket": "major-project-a10d4.appspot.com"
  },
  "client": [
    {
      "client_info": {
        "mobilesdk_app_id": "1:697974657954:android:042d3dbc3ba965538418fb",
        "android_client_info": {
          "package_name": "com.barat.electionvotingsystem"
        }
      },
      "oauth_client": [
        {
          "client_id": "697974657954-4knt0apqji2e3sq7crh94iqd0mgq4qa8.apps.googleusercontent.com",
          "client_type": 3
        }
      ],
      "api_key": [
        {
          "current_key": "AIzaSyD13mfR-lHp5QNB0eqQTPmejp2Lq80OHak"
        }
      ],
      "services": {
        "appinvite_service": {
          "other_platform_oauth_client": [
            {
              "client_id": "697974657954-4knt0apqji2e3sq7crh94iqd0mgq4qa8.apps.googleusercontent.com",
              "client_type": 3
            }
          ]
        }
      }
    }
  ],
  "configuration_version": "1"
}